324585_0;how much money do motivational speakers make
324585_1;money deals Speakers money
324585_2;make number programs gig
324585_3;make Speakers meaningful job
324585_4;speakers depending feel intended
324585_5;make job honest makes
324585_6;make Poll Speakers represents
324585_7;speakers gig author stand
324585_8;motivational percent employees makes
324585_9;motivational assemblies percent shared
324585_10;motivational good database annually
1121353_0;what can you do about discrimination in the workplace in oklahoma city
1121353_1;discrimination harassment victim discrimination
1121353_2;city Telecommunications file gender
1121353_3;discrimination harassment subtle employer
1121353_4;oklahoma unfavorably harassment gender
1121353_5;city age apply Data
1121353_6;city ordinances lesbian workplace
1121353_7;oklahoma OHRC city home
1121353_8;workplace gender race broke
1121353_9;city city Telecommunications Mapping
1121353_10;discrimination Geomatic reasonable grounds
1106979_0;define pareto chart in statistics
1106979_1;statistics Quality Vilfredo
1106979_2;chart Basic based
1106979_3;chart template Whisker
1106979_4;pareto focus essence
1106979_5;pareto troubleshooting centaury
1106979_6;pareto Reading Economist
1106979_7;statistics Control Construct
1106979_8;pareto Chart Quality
1106979_9;pareto lengths Histogram
1106979_10;chart odd centaury
121171_0;define etruscans
121171_1;etruscans definition development question
121171_2;etruscans Volaterrae Etruria Etruscans
121171_3;etruscans Rome Phoenicians underworld
121171_4;etruscans Golini Etruria Etruria
121171_5;etruscans influence local definition
121171_6;etruscans pre difference Architecture
121171_7;etruscans plan Sybille visibility
121171_8;etruscans allied homonymous BC
121171_9;etruscans Laurence exact conquerors
121171_10;etruscans means Caisra Italy
911232_0;what type of conflict does della face in o henry the gift of the magi
911232_1;della gift irony st bad comb
911232_2;magi end della sold cent conflict
911232_3;magi turn story story ability Guy
911232_4;magi sell gift replaces morel Jim
911232_5;gift Young irony della ability conflict
911232_6;della Jim buy movie movie ball
911232_7;gift morel appears della gave chain
911232_8;gift gift Necklace winter useless Source
911232_9;magi della supposedly short Sydney zoom
911232_10;gift Maupassant Henry meaningful narrator comb
1043135_0;who killed nicholas ii of russia
1043135_1;killed Yurovsky heir union
1043135_2;russia Bedroom group Alexander
1043135_3;ii russia revolution disinterest
1043135_4;russia Russian civil tsar
1043135_5;ii Bolsheviks birth II
1043135_6;ii Nikolai seized Romanovs
1043135_7;ii family Alexander sixth
1043135_8;killed historians Olga Aratherlongword
1043135_9;ii Woefully serving agree
1043135_10;killed Empress Biography agree
330975_0;how much would it cost to install my own wind turbine
330975_1;wind seasons million kw
330975_2;install scale wind effective
330975_3;install installed commercial action
330975_4;cost million natural cost
330975_5;cost blows capacity company
330975_6;cost consistantly approximately roughly
330975_7;install produce roughly watt
330975_8;turbine ridge blows bergey
330975_9;wind commercial watt capacity
330975_10;install vents project commercial
1116380_0;what is a nonconformity? earth science
1116380_1;earth disconformity
1116380_2;nonconformity Mental
1116380_3;nonconformity Dictionary
1116380_4;earth usage
1116380_5;nonconformity dipping
1116380_6;earth detection
1116380_7;nonconformity wafer
1116380_8;earth case
1116380_9;earth practice
1116380_10;earth definition
1064670_0;why do hunters pattern their shotguns?
1064670_1;shotguns shotgun means
1064670_2;hunters nAn works
1064670_3;pattern patterning hunters
1064670_4;pattern familiarized task
1064670_5;pattern reaps gun
1064670_6;hunters intense hunters
1064670_7;hunters wide capture
1064670_8;shotguns performance angel
1064670_9;shotguns shoot Cartridge
1064670_10;shotguns patterning nAn
1122767_0;what amino produces carnitine
1122767_1;produces red amino
1122767_2;produces essential body
1122767_3;produces ALCAR body
1122767_4;carnitine Keto significant
1122767_5;amino system convert
1122767_6;carnitine niacin acetyl
1122767_7;carnitine convert carnus
1122767_8;produces acetyl flesh
1122767_9;produces acetyl body
1122767_10;carnitine Lysine Lysine
877809_0;what metal are hip replacements made of
877809_1;made socket bones titanium
877809_2;replacements hip metal arthritic
877809_3;metal relief big recalled
877809_4;metal steel socket joint
877809_5;made replacement ball years
877809_6;hip resurfacing prosthetic include
877809_7;made made surgeries recommend
877809_8;metal devices properly components
877809_9;replacements removed expected steel
877809_10;metal metal artificial head
1071750_0;why is pete rose banned from hall of fame
1071750_1;rose future Reggie mess Olbermann
1071750_2;hall rejects Cooperstown Rose memorabilia
1071750_3;hall Facts baseball shutout Cooperstown
1071750_4;pete year baseball Commissioner noting
1071750_5;fame greatest Major reaction Hall
1071750_6;rose party fully player problem
1071750_7;rose life alive sport baseball
1071750_8;fame Brennaman Rose ban Cueto
1071750_9;banned Olney NFL Cooperstown Hustle
1071750_10;pete Fame Confidence MLB shares
1113256_0;what is reba mcentire's net worth
1113256_1;mcentire Worth Net born
1113256_2;mcentire Videos rodeo Oklahoma
1113256_3;worth Worth born March
1113256_4;net listen Reba March
1113256_5;mcentire career Reba split
1113256_6;reba dollars Reba Bra
1113256_7;net born Worth manager
1113256_8;reba Age Reba country
1113256_9;worth popular Worth Worth
1113256_10;net Annual months total
940547_0;when did rock n roll begin?
940547_1;roll daddy Father
940547_2;begin contributed iTunes
940547_3;begin sweet met
940547_4;begin roll washed
940547_5;rock African culture
940547_6;roll rock RealClearHistory
940547_7;roll jolly influence
940547_8;roll rock King
940547_9;rock silly dance
940547_10;begin town footsteps
47210_0;average wedding dress alteration cost
47210_1;wedding cost Questions depends price
47210_2;average Channel Beware Questions wedding
47210_3;cost average uestions bride Bridal
47210_4;cost plain cost alteration alteration
47210_5;dress alteration craftsmanship ultimately statistics
47210_6;wedding expertise cost experience materials
47210_7;cost involved alteration cost statistics
47210_8;alteration surveys complexity alteration dollar
47210_9;wedding average alteration complexity Guide
47210_10;cost Leave average offering varies
23849_0;are naturalization records public information
23849_1;records background Spokeo Exemptions
23849_2;public finding sensitive records
23849_3;information Foreclosure types open
23849_4;citizenship state information City
23849_5;records ceritificate cases records
23849_6;citizenship Offices accurate search
23849_7;records Legal records public
23849_8;records marriage seek huge
23849_9;citizenship records single Zillow
23849_10;information disclosure assured records
1131069_0;how many sons robert kraft has
1131069_1;kraft AP NFL
1131069_2;robert Chairman father
1131069_3;sons Robert Boston
1131069_4;kraft Myra Worth
1131069_5;sons development philanthropist
1131069_6;robert entertainment estate
1131069_7;kraft Kraft born
1131069_8;sons multi Billion
1131069_9;robert Daniel father
1131069_10;sons Jonathan Daniel
914916_0;what type of tissue are bronchioles
914916_1;tissue lung
914916_2;tissue lung
914916_3;tissue cartilage
914916_4;tissue bronchi
914916_5;bronchioles sa
914916_6;bronchioles disease
914916_7;bronchioles popcorn
914916_8;tissue fibrous
914916_9;tissue conduct
914916_10;bronchioles smooth
1115210_0;what is chaff and flare
1115210_1;flare aircraft
1115210_2;chaff Esterline
1115210_3;chaff Contemporary
1115210_4;flare altitudes
1115210_5;flare straw
1115210_6;flare highly
1115210_7;chaff end
1115210_8;chaff forced
1115210_9;chaff Motor
1115210_10;flare countermeasures
174463_0;dog day afternoon meaning
174463_1;afternoon Sign afternoon
174463_2;dog Flickchart tickets
174463_3;day day Red
174463_4;afternoon Jesus dogs
174463_5;dog dogs movie
174463_6;dog Additionally refer
174463_7;dog Enter Cowboy
174463_8;dog naps learners
174463_9;day Dean high
174463_10;day theaters commentary
1127540_0;meaning of shebang
1127540_1;shebang organization hashbang things
1127540_2;shebang Whizbang involved shebang
1127540_3;shebang framing hole facts
1127540_4;shebang large chairman primitive
1127540_5;shebang vast DIAMETER decide
1127540_6;shebang door facts meant
1127540_7;shebang definition dimensions door
1127540_8;shebang contrivance entire Whizbang
1127540_9;shebang set entire contrivance
1127540_10;shebang sequence Computer fit
405163_0;is caffeine an narcotic
405163_1;caffeine barbiturate
405163_2;caffeine codeine
405163_3;narcotic acetaminophen
405163_4;caffeine codeineroper
405163_5;narcotic guide
405163_6;narcotic symptoms
405163_7;narcotic codeine
405163_8;caffeine butalbital
405163_9;caffeine addiction
405163_10;caffeine ingredient
1109707_0;what medium do radio waves travel through
1109707_1;medium angles vacuum ve
1109707_2;travel travel medium fields
1109707_3;radio sound creating medium
1109707_4;radio rope magnetic radio
1109707_5;medium radio mechanical kerry
1109707_6;medium extent electromagnetic radio
1109707_7;radio electric ve travel
1109707_8;radio medium electromagnetic form
1109707_9;radio electric particles radio
1109707_10;waves travel momentum frequency
390360_0;ia suffix meaning
390360_1;ia Chemistry
390360_2;suffix phrenoblabia
390360_3;ia Economics
390360_4;suffix girls
390360_5;ia Sarah
390360_6;ia Sarai
390360_7;suffix suffix
390360_8;suffix terms
390360_9;suffix pontobulbia
390360_10;ia disease
118440_0;define bmt medical
118440_1;treatment morbidity
118440_2;treatment Worldwide
118440_3;bmt Buprenorphine
118440_4;bmt Brooklyn
118440_5;bmt subway
118440_6;treatment OAC
118440_7;treatment bismuth
118440_8;treatment Dorm
118440_9;treatment omeprazole
118440_10;treatment subway
997622_0;where is the show shameless filmed
997622_1;show Showtime lyrics
997622_2;filmed actresses Shameless
997622_3;shameless neighborhood Louis
997622_4;filmed aired report
997622_5;filmed Extras Louis
997622_6;filmed remake primarily
997622_7;show report main
997622_8;shameless Chicago special
997622_9;filmed Los Mad
997622_10;show primarily show
258062_0;how long does it take to remove wisdom tooth
258062_1;wisdom Wisdom erupted days
258062_2;wisdom anesthetic symptoms complications
258062_3;long nicely Tooth report
258062_4;wisdom Removal dentist long
258062_5;tooth weeks decision Dependson
258062_6;wisdom Dependson Surgical Removal
258062_7;wisdom Surgical dentist disease
258062_8;wisdom unusual Surgical holes
258062_9;wisdom eat carried smoke
258062_10;remove condition condition rays
938400_0;when did family feud come out?
938400_1;feud Celebrity
938400_2;family web
938400_3;feud premiere
938400_4;family generations
938400_5;family host
938400_6;family stage
938400_7;feud Channel
938400_8;feud Family
938400_9;feud primetime
938400_10;feud based
169208_0;does mississippi have an income tax
169208_1;tax Tax obligations
169208_2;income state Gains
169208_3;income return state
169208_4;tax gambling winnings
169208_5;tax Income predicted
169208_6;income Department Federal
169208_7;mississippi subject casinos
169208_8;income exempt efile
169208_9;tax expanded View
169208_10;tax brackets Income
1051399_0;who sings monk theme song
1051399_1;song Questions Park Remy
1051399_2;sings Song fades ps
1051399_3;song Phantom Mathis sees
1051399_4;sings Monk Invincible movie
1051399_5;song Linkin Torkelsons Beal
1051399_6;song Randy Adelitas Lola
1051399_7;song Salvay Song controversy
1051399_8;song performed Sings minor
1051399_9;monk Cena change Marci
1051399_10;theme Iron Salvay Iron
730539_0;what is chronometer who invented it
730539_1;chronometer marine
730539_2;chronometer instrument
730539_3;invented block
730539_4;chronometer marine
730539_5;chronometer sea
730539_6;invented marine
730539_7;chronometer Omega
730539_8;invented astrolabe
730539_9;chronometer travel
730539_10;chronometer Arnold
135802_0;definition of laudable
135802_1;laudable policy charity definition terror
135802_2;laudable constructive reporting remains ambition
135802_3;laudable superlative embarrassment oppose proper
135802_4;laudable coordination Laurent situation save
135802_5;laudable information sense dealing protective
135802_6;laudable accomplish adjective goal balanced
135802_7;laudable party attack save praiseworthy
135802_8;laudable children tending world thing
135802_9;laudable principle doubt refers charity
135802_10;laudable charity laudable charity oddly
1037496_0;who is rep scalise?
1037496_1;scalise Schilleci
1037496_2;rep Rep
1037496_3;scalise questions
1037496_4;rep Orleans
1037496_5;scalise Monday
1037496_6;scalise Tammany
1037496_7;scalise House
1037496_8;rep supremacist
1037496_9;scalise firestorm
1037496_10;rep scrutiny
1105792_0;define: geon
1105792_1;geon Jeong hypothetical Strawdog
1105792_2;geon primitive objects hypothetical
1105792_3;geon geonim confined meaning
1105792_4;geon held theorized hypothetical
1105792_5;geon simple hypothetical hwa
1105792_6;geon MeSH King Guiyeoni
1105792_7;geon Sino recognized geonim
1105792_8;geon tubing packet polyvinyl
1105792_9;geon external XBLA encyclopedias
1105792_10;geon Character entries boundary
1108651_0;what the best way to get clothes white
1108651_1;white white
1108651_2;clothes finish
1108651_3;clothes provided
1108651_4;clothes clothes
1108651_5;clothes remove
1108651_6;white machine
1108651_7;white stain
1108651_8;white stain
1108651_9;white permanently
1108651_10;white stubborn
42255_0;average salary for dental hygienist in nebraska
42255_1;nebraska expect field Salary Dental
42255_2;nebraska average Yearly number Labor
42255_3;salary growing Nebraska lower Alternatively
42255_4;salary job Michigan earlier real
42255_5;average Dental nationwide Boston Hygienist
42255_6;hygienist Salary companies nationwide earn
42255_7;salary Dental Dental start lower
42255_8;dental job higher hour Learn
42255_9;dental average nationwide nationwide postings
42255_10;salary Nebraska grown MA annually
141630_0;describe how muscles and bones work together to produce movement
141630_1;bones flexes surpriseyou muscles bones movement
141630_2;describe subsequent produce entire called body
141630_3;work skeleton Anatomical skeletal shorten action
141630_4;work role contraction pulls type nervous
141630_5;muscles part skeleton action control moves
141630_6;bones Finally push strong tendons provided
141630_7;muscles ligaments Anatomical control unison tendons
141630_8;work material action relaxes skeleton bones
141630_9;describe tendons flexes Nutrients muscles pairs
141630_10;movement concert attached Systems surpriseyou work
673670_0;what is a alm
673670_1;alm loader Lifecycle alms HP
673670_2;alm externally Client management synonyms
673670_3;alm integrates monitored server install
673670_4;alm Abbreviated results Client deeds
673670_5;alm distributing Translation quality export
673670_6;alm LoadRunner Domain results activity
673670_7;alm LoadRunner product Start users
673670_8;alm defined Client machine export
673670_9;alm deployed Workaround benefaction Web
673670_10;alm rhyme antonyms AKO Central
1110678_0;what is the un fao
1110678_1;fao ThreeSixty based fortification FAO Photo
1110678_2;fao Policy company methods Iconic compliance
1110678_3;fao sources Audit owns Ateliers reserved
1110678_4;fao responsible strategy strategy result founder
1110678_5;fao finds Food recommended Choptiany global
1110678_6;fao Food Schwarz common Goodman Agriculture
1110678_7;fao identified Nations ThreeSixty Organization disclose
1110678_8;fao liability months fortification fortification figures
1110678_9;fao United Agriculture years responsible pesticides
1110678_10;fao seller fortification begin Agriculture HQ
1133579_0;how does granulation tissue start
1133579_1;granulation rich granula
1133579_2;start robust blood
1133579_3;granulation break broken
1133579_4;tissue fibroblasts heals
1133579_5;start damaged flesh
1133579_6;tissue robust prevent
1133579_7;tissue network ranulation
1133579_8;tissue collagen tissue
1133579_9;granulation collagen lumpy
1133579_10;start excess wound
701453_0;what is a statutory deed
701453_1;statutory Warranty
701453_2;deed statutes
701453_3;statutory Bargain
701453_4;deed private
701453_5;statutory Deed
701453_6;statutory statutes
701453_7;deed bind
701453_8;statutory necessity
701453_9;deed covenants
701453_10;deed Release
583468_0;what carvedilol used for
583468_1;carvedilol good arteries condition carvedilol
583468_2;carvedilol coreg losartan blood blocker
583468_3;carvedilol pressure beta gradually failure
583468_4;carvedilol congestive adrenalin attack shaped
583468_5;carvedilol Heart Read high doctor
583468_6;carvedilol reducing starting interaction medications
583468_7;carvedilol works blood drug sold
583468_8;carvedilol Consumer pharmacist arteries blocker
583468_9;carvedilol coreg pharmacist hypertension drug
583468_10;carvedilol medications blocking pharmacist blood
768208_0;what is mamey
768208_1;mamey Mamey beans America
768208_2;mamey perennial trees aromatic
768208_3;mamey length growing tropic
768208_4;mamey papaya Strips milkshakes
768208_5;mamey salad grown Florida
768208_6;mamey mammee Central fruit
768208_7;mamey generally fruit fruit
768208_8;mamey salad minor brighter
768208_9;mamey counter pit Cuba
768208_10;mamey grocery salad flowers
336901_0;how old is vanessa redgrave
336901_1;redgrave renowned
336901_2;redgrave Lynn
336901_3;redgrave producer
336901_4;vanessa Isidore
336901_5;redgrave Girl
336901_6;vanessa actor
336901_7;vanessa admitted
336901_8;vanessa quickly
336901_9;redgrave remade
336901_10;vanessa Jun
1132532_0;average annual income data analyst
1132532_1;average collected Canada quantitative significantly
1132532_2;data income analysts United hourly
1132532_3;data variable postings average job
1132532_4;income earn gathered average interest
1132532_5;average nascent HR gathered variable
1132532_6;average detail photographers data annual
1132532_7;data Montana Montana experience average
1132532_8;analyst country nationwide salary median
1132532_9;average quantitative employ competition type
1132532_10;annual sets show average annual
555530_0;what are best foods to lower cholesterol
555530_1;foods lower Similarly
555530_2;foods HDL entire
555530_3;lower lower meager
555530_4;lower readily HDL
555530_5;lower oil quantities
555530_6;foods majority eat
555530_7;lower items HDL
555530_8;foods high shown
555530_9;cholesterol raise eat
555530_10;lower foods group
1030303_0;who is aziz hashim
1030303_1;hashim Hayshim
1030303_2;aziz Aladdin
1030303_3;hashim Fast
1030303_4;aziz English
1030303_5;hashim Brianna
1030303_6;hashim Aziz
1030303_7;hashim Aziz
1030303_8;aziz Liam
1030303_9;hashim scene
1030303_10;aziz leadership
1136043_0;difference between a hotel and motel
1136043_1;difference lodges motel
1136043_2;hotel perfect location
1136043_3;hotel difference rooms
1136043_4;hotel upcoming Definition
1136043_5;motel Wynn industry
1136043_6;motel Star Browse
1136043_7;difference York consist
1136043_8;difference Zip consist
1136043_9;hotel lodges guide
1136043_10;hotel Special discounted
1136962_0;why did the ancient egyptians call their land kemet or black land?
1136962_1;egyptians keh flooded homeland aka American desert
1136962_2;ancient Kemet color Nile KMTians thing variation
1136962_3;ancient MET Kemet form yptos Black flooded
1136962_4;land times Aegyptos plain sands Egypt valley
1136962_5;land speaks river derived Land Ta word
1136962_6;call Ancient river Egypt Land built Ham
1136962_7;black keh plain desert homeland Kermet debate
1136962_8;kemet river Egypt mery Land Land call
1136962_9;black Black covered opine left Ancient color
1136962_10;ancient true true Nile flooded dark African
640502_0;what does it mean if your tsh is low
640502_1;low condition
640502_2;tsh gland
640502_3;tsh overactive
640502_4;low pregnant
640502_5;low dropping
640502_6;low range
640502_7;low nature
640502_8;low high
640502_9;low Cholesterol
640502_10;tsh hyperthyroidism
156498_0;do google docs auto save
156498_1;save save exported work
156498_2;docs worry turning auto
156498_3;save OpenOffice Troubleshoot Drawing
156498_4;auto auto liking auto
156498_5;docs useless exported imported
156498_6;docs dropdown link Visit
156498_7;save exported download titles
156498_8;auto create receive Docs
156498_9;google auto save click
156498_10;docs Google download save
332593_0;how often to button quail lay eggs
332593_1;quail day quail move
332593_2;lay clutch bobwhite Bible
332593_3;lay eggs weeks give
332593_4;eggs pets October surroundings
332593_5;quail surroundings purchasing long
332593_6;eggs day farmers coturnix
332593_7;lay oyster inside average
332593_8;lay lays long bobwhite
332593_9;quail lays till whilst
332593_10;eggs start straight nests
1136047_0;difference between a company's strategy and business model is
1136047_1;company strategy difference business company
1136047_2;strategy verified complex consultants goals
1136047_3;difference plan game difference judged
1136047_4;business strategic clear company proposal
1136047_5;difference management examples sales core
1136047_6;difference difference important plan upsets
1136047_7;model business model proposal plan
1136047_8;company game missions typically advantage
1136047_9;company external profitable external enable
1136047_10;business Answered customers diversified model
67316_0;can fever cause miscarriage early pregnancy
67316_1;pregnancy miscarriage early fertilised
67316_2;fever Brewster low pregnancy
67316_3;pregnancy confirmed cord weeks
67316_4;early late loss harm
67316_5;miscarriage baby pregnancy sad
67316_6;early happen early loss
67316_7;fever spotting pregnant stage
67316_8;early wall occur spinal
67316_9;fever normal pregnant grieve
67316_10;fever woman vaginal trimester
