915593_0;what types of food can you cook sous vide
915593_1;vide sous extent bag
915593_2;vide fact BPA mis
915593_3;vide cooking wildest temperature
915593_4;vide recipes concept work
915593_5;cook lower technique plastic
915593_6;cook special Vacuum Food
915593_7;food Food Slow extent
915593_8;sous Precision immersed sealed
915593_9;sous cooking method watermelon
915593_10;sous pot association sous
794429_0;what is sculpture shape space
794429_1;sculpture renaissance architecture
794429_2;shape distal tradition
794429_3;space paint artist
794429_4;sculpture baroque movement
794429_5;surround space energy
794429_6;spiral vortex space
794429_7;gothic style sclupture
794429_8;space dynamic century
794429_9;spiral dimension dystal
794429_10;space electrode ecstasy
801118_0;what is supplemental security income used for
801118_1;suppliment social administration
801118_2;security older blind
801118_3;income disable limit
801118_4;security finance month
801118_5;suppliment payment million
801118_6;security american benefit
801118_7;income tax federal
801118_8;security fund payroll
801118_9;income resource people 
801118_10;suppliment deny florida
190044_0;foods to detox liver naturally
190044_1;food diet health suppliment
190044_2;detox flavor berry rich
190044_3;liver double strength shark
190044_4;nature guide cleanse cod
190044_5;food sugar profile garlic 
190044_6;detox cod odorless double
190044_7;liver garlic antioxidant flavor
190044_8;nature health suppliment guide
190044_9;food cleanse antioxidant berry
190044_10;detox health strength antioxidant
451602_0;medicare's definition of mechanical ventilation
451602_1;ventilation means
451602_2;ventilation achieve
451602_3;ventilation Mechanical
451602_4;ventilation climate
451602_5;mechanical term
451602_6;ventilation replace
451602_7;ventilation Weight
451602_8;mechanical blowers
451602_9;mechanical illness
451602_10;mechanical Mechanical
177604_0;eating foods that are considered warm
177604_1;eat food chain damage
177604_2;food consider extinct global
177604_3;eat warm affect pollution
177604_4;food eat human sustainable
177604_5;food consider care source
177604_6;warm eat sustainable damage
177604_7;eat food simmer vegetable
177604_8;consider food olive oil broth
177604_9;wam eat care human
177604_10;consider warm source pollution
966413_0;where are the benefits of cinnamon as a supplement?
966413_1;benefit cinnamon herb
966413_2;suppliment fenugreek cinnamon
966413_3;benefit extract health
966413_4;cinnamon pill NCCIH
966413_5;benefit herb pressure
966413_6;cinnamon turmeric cardamom
966413_7;suppliment garlic benefit
966413_8;cinnamon yeast diet
966413_9;benefit suppliment extracts
966413_10;cinnamon health basil
588587_0;what causes heavy metal toxins in your body
588587_1;cause quail egg remove good
588587_2;heavy blood liver stone bladder
588587_3;metal kidney allergy reaction hypoallergenic
588587_4;toxin diathesis environment parkinson disease
588587_5;body scientist expose pestiside risk
588587_6;cause elevate failure major excretory
588587_7;heavy organ body retention calcium
588587_8;metal phosphorous watre inefficient thirst
588587_9;toxin urination excessive infection weight
588587_10;body toxin deprivation trauma breathe
1108939_0;what slows down the flow of blood
1108939_1;slow mechanism flow cotrol 
1108939_2;down organ pressure vessel
1108939_3;flow stretch branch organ
1108939_4;blood supply effect normal
1108939_5;slow dilate increase develop
1108939_6;down baby dark red 
1108939_7;flow cell traffic blood
1108939_8;blood relax exertion dizzy
1108939_9;slow flow organ supply
1108939_10;down pressure vessel system
507445_0;symptoms of different types of brain bleeds
507445_1;symptom stem stroke control function
507445_2;different breathe swallow balance blockage
507445_3;type brain vital symptom diagnosis
507445_4;brain injury bleed heavy hemoearage
507445_5;bleed heart stable symptom scan
507445_6;symptom cerebral palsi motor oral
507445_7;bleed brain cerebral stable symptom
507445_8;brain injury motor gross skill
507445_9;type malformation palsi damage lukomalacia
507445_10;different disgenesis intraventricular damage brain
527433_0;types of dysarthria from cerebral palsy
527433_1;cerebral severity common
527433_2;dysarthria limited impairments
527433_3;palsy Spastic Cerebral
527433_4;cerebral dystrophy weakness
527433_5;cerebral ataxic characterized
527433_6;cerebral voluntary type
527433_7;palsy Spastic outwardly
527433_8;dysarthria muscular involves
527433_9;cerebral dystrophy Spastic
527433_10;dysarthria called Cerebral
1056204_0;who was the first steam boat operator
1056204_1;first invent steam robert
1056204_2;steam fulton boat robert
1056204_3;boat engineer current design
1056204_4;operator practical commercial purpose
1056204_5;first steam grader motor
1056204_6;steam shovel engineer commercial
1056204_7;boat seam operator america
1056204_8;operator practical purpose time
1056204_9;first invent steam robert
1056204_10;steam fulton design engine
1114646_0;what is famvir prescribed for
1114646_1;famvir famciclovir
1114646_2;famvir acyclovir
1114646_3;famvir cold
1114646_4;famvir ob
1114646_5;prescribed HSV
1114646_6;prescribed intravenous
1114646_7;famvir cmv
1114646_8;prescribed healthcare
1114646_9;prescribed respond
1114646_10;famvir speed
264403_0;how long is recovery from a face lift and neck lift
264403_1;long recovery design lift contour 
264403_2;recovery face area profession easy
264403_3;face lift design area disk
264403_4;lift neck facet easy pinch
264403_5;neck lift chin design contour
264403_6;lift long serum sag comfort
264403_7;long recovery fold black facet
264403_8;recovery face common major contour
264403_9;face neck fold chin lift
264403_10;neck long double loose sag
87452_0;causes of military suicide
87452_1;military recent
87452_2;suicide published
87452_3;suicide homelessness
87452_4;suicide committed
87452_5;military accidents
87452_6;military peers
87452_7;suicide payable
87452_8;suicide Military
87452_9;suicide Pentagon
87452_10;suicide row
489204_0;right pelvic pain causes
489204_1;pain region
489204_2;pelvic Depending
489204_3;pain appendicitis
489204_4;pelvic Pain
489204_5;pelvic muscles
489204_6;pain symptoms
489204_7;pelvic Pain
489204_8;pelvic Abdominal
489204_9;pain common
489204_10;pelvic fibroids
182539_0;example of monotonic function
182539_1;function preserves
182539_2;function Monotonic
182539_3;monotonic nondecreasing
182539_4;function input
182539_5;monotonic definition
182539_6;monotonic subset
182539_7;function values
182539_8;function SQL
182539_9;monotonic Function
182539_10;monotonic defined
537817_0;vitamin e anti scar
537817_1;vitamin eczema acidic
537817_2;anti bacteria infection
537817_3;scar heal lighten
537817_4;vitamin bacteria skin
537817_5;anti bacteria infection
537817_6;scar benefit hair
537817_7;vitamin skin elastic
537817_8;anti tissue wrinkle
537817_9;scar prevent acne
537817_10;vitamin face damage
86606_0;causes of gas in large intestine
86606_1;cause air stomach gas
86606_2;gas swallow burp fart 
86606_3;large flatulence bacteria gas
86606_4;intestine digest enzyme stomach
86606_5;cause produce swallow break
86606_6;gas food intestine burp
86606_7;large fart digest gas
86606_8;intestine chemical microbe produce
86606_9;intestine flatulence produce swallow
86606_10;gas bacteria enzyme air
88495_0;causes of stroke?
88495_1;cause block
88495_2;stroke blood
88495_3;cause flow
88495_4;stroke brain
88495_5;cause damage
88495_6;stroke nerve
88495_7;cause face
88495_8;stroke mouth
88495_9;cause tongue
88495_10;stroke throat
877809_0;what metal are hip replacements made of
877809_1;made socket bones titanium
877809_2;replacements hip metal arthritic
877809_3;metal relief big recalled
877809_4;metal steel socket joint
877809_5;made replacement ball years
877809_6;hip resurfacing prosthetic include
877809_7;made made surgeries recommend
877809_8;metal devices properly components
877809_9;replacements removed expected steel
877809_10;metal metal artificial head
554515_0;what are achieved and ascribed statuses?
554515_1;achieve james marcia
554515_2;ascribe four identity
554515_3;statuses crisis commitment
554515_4;achieve postconformist ego
554515_5;ascribe foreclosure moratorium
554515_6;statuses identity crisis
554515_7;achieve confusion james
554515_8;ascribe marcia ego
554515_9;statuses four identity
554515_10;ascribe postconformist moratorium
1065636_0;why do some places on my scalp feel sore
1065636_1;places bump glass skin
1065636_2;scalp scar white ball
1065636_3;feel warm tingly hair
1065636_4;sore blood vitamin diet
1065636_5;places psoriasis scalp warm
1065636_6;scalp scar bump skin
1065636_7;feel plaque symptom white
1065636_8;sore hair tingly glass
1065636_9;scalp warm psoriasis hair
1065636_10;sore plaque vitamin diet
1133485_0;how does vitamin c helps
1133485_1;vitamin zinc
1133485_2;help copper
1133485_3;vitamin burn
1133485_4;help iron
1133485_5;vitamin heal
1133485_6;help stress
1133485_7;vitamin injury
1133485_8;help infection
1133485_9;vitamin diet
1133485_10;help nutrition
166046_0;does ethambutol treat bone infection
166046_1;ethambutol ciprofloxacin bone joint
166046_2;treat endocarditis malignant bacteria
166046_3;bone externa respiratory urinary
166046_4;infection anthrax chancroid joint
166046_5;ethambutol otitis treat bacteria
166046_6;treat respiratory endocarditis prostatitis
166046_7;bone treat viral malignant
166046_8;infection anthrax malignant joint
166046_9;treat endocarditis ciprofloxacin bone
166046_10;infection extrena infection viral
655914_0;what drives poaching
655914_1;drive egg
655914_2;poach calorie
655914_3;drive sodium
655914_4;poach nutrition
655914_5;drive meal
655914_6;poach boil
655914_7;drive oil
655914_8;poach delicious
655914_9;drive honey
655914_10;poach watercrest
730539_0;what is chronometer who invented it
730539_1;chronometer marine
730539_2;chronometer instrument
730539_3;invented block
730539_4;chronometer marine
730539_5;chronometer sea
730539_6;invented marine
730539_7;chronometer Omega
730539_8;invented astrolabe
730539_9;chronometer travel
730539_10;chronometer Arnold
67316_0;pregnancy miscarriage early fertilised
67316_1;fever Brewster low pregnancy
67316_2;pregnancy confirmed cord weeks
67316_3;early late loss harm
67316_4;miscarriage baby pregnancy sad
67316_5;early happen early loss
67316_6;fever spotting pregnant stage
67316_7;early wall occur spinal
67316_8;fever normal pregnant grieve
67316_9;fever woman vaginal trimester
144862_0;did prohibition increased crime
144862_1;prohibit intent general 
144862_2;increas illegal conviction
144862_3;crime violance federal
144862_4;prohibit prosecution commit
144862_5;increas intent illegal
144862_6;crime federal conviction
144862_7;prohibit unlawful control
144862_8;increas judge liability
144862_9;crime intent judge unlawful
144862_10;prohibit convicton federal
1106007_0;define visceral?
1106007_1;define visceral
1106007_2;visceral peritoneal
1106007_3;define parietal
1106007_4;define shiny
1106007_5;visceral reflexive
1106007_6;define instinctive
1106007_7;define Identify
1106007_8;define instinctive
1106007_9;visceral defined
1106007_10;define nervous
883915_0;what other brain proteins can cause dementia
883915_1;brain protein vascular stroke
883915_2;protein cause blood circulate
883915_3;cause dementia cognitive impair
883915_4;dementia brain cognitive alzheimer
883915_5;brain protein infarct vascular
883915_6;protein cause death blood 
883915_7;cause dementia clot stroke
883915_8;dementia brain circulate protein
883915_9;brain protein alzheimer infarct
883915_10;dementia brain cognitive alzheimer
443396_0;lps laws definition
443396_1;norms law moral
443396_2;lps Imperative formed
443396_3;laws Generally norms
443396_4;norms situations time
443396_5;norms principles situations
443396_6;lps formalized group
443396_7;laws lp allowing
443396_8;lps cover conflicting
443396_9;laws Ethyl folkway
443396_10;lps deviance formed
1117817_0;what does unauthorized act in writing mean
1117817_1;unauthorized act misuse legislation
1117817_2;act writing cybersecurity access
1117817_3;writing mean illegal criminal
1117817_4;mean unauthorized privacy ethics
1117817_5;unauthorized act regulation civil
1117817_6;act writing integrity ethics
1117817_7;writing mean information procurement
1117817_8;mean unauthorized legislation 1990 
1117817_9;unauthorized act illegal privacy
1117817_10;act mean trade secrets
1049519_0;who said no one can make you feel inferior
1049519_1;said status social
1049519_2;feel deprive peer
1049519_3;inferior limitation mental
1049519_4;said discrimination complex
1049519_5;feel insecure lonely
1049519_6;inferior correlation attach
1049519_7;said low embrace
1049519_8;feel sense control
1049519_9;inferior emotion complex
1049519_10;inferior deprive social
705609_0;what is a virus made of
705609_1;virus protein
705609_2;made HIV
705609_3;virus vaccine
705609_4;made peptide
705609_5;virus nucleotide
705609_6;made gene
705609_7;virus reveal
705609_8;made variation
705609_9;virus amino
705609_10;made RNA
1108100_0;what type of movement do bacteria exhibit?
1108100_1;movement fibre lime 
1108100_2;bacteria overlap symptom
1108100_3;exhibit borellia morgellon
1108100_4;movement taxonomy phylogeny
1108100_5;bacteria archaea fibre
1108100_6;exhibit symptom skeletal
1108100_7;movement cardiac voluntary
1108100_8;bacteria borellia cardiac
1108100_9;exhibit movement archaea
1108100_10;bacteria fibre body
47923_0;axon terminals or synaptic knob definition
47923_1;axon conduct knobs vesicles neuron
47923_2;knob areas referred terminals knobs
47923_3;synaptic axon Presynaptic ends located
47923_4;synaptic ends axon term myoneural
47923_5;synaptic dendrites noun part axon
47923_6;terminals synaptic travel commonly membrane
47923_7;synaptic cell knobs action terminals
47923_8;knob sheath neurotransmitter effector terminals
47923_9;synaptic located distal ends synapse
47923_10;knob effector synapse body terminals
174463_0;dog day afternoon meaning
174463_1;afternoon Sign afternoon
174463_2;dog Flickchart tickets
174463_3;day day Red
174463_4;afternoon Jesus dogs
174463_5;dog dogs movie
174463_6;dog Additionally refer
174463_7;dog Enter Cowboy
174463_8;dog naps learners
174463_9;day Dean high
174463_10;day theaters commentary
332593_0;how often to button quail lay eggs
332593_1;quail day quail move
332593_2;lay clutch bobwhite Bible
332593_3;lay eggs weeks give
332593_4;eggs pets October surroundings
332593_5;quail surroundings purchasing long
332593_6;eggs day farmers coturnix
332593_7;lay oyster inside average
332593_8;lay lays long bobwhite
332593_9;quail lays till whilst
332593_10;eggs start straight nests
1109707_0;medium angles vacuum ve
1109707_1;travel travel medium fields
1109707_2;radio sound creating medium
1109707_3;radio rope magnetic radio
1109707_4;medium radio mechanical kerry
1109707_5;medium extent electromagnetic radio
1109707_6;radio electric ve travel
1109707_7;radio medium electromagnetic form
1109707_8;radio electric particles radio
1109707_9;waves travel momentum frequency
1136769_0;why does lacquered brass tarnish
1136769_1;lacquered examine coat 
1136769_2;brass clear cover
1136769_3;tarnish brass clean
1136769_4;lacquered coat polish
1136769_5;brass soft chemical
1136769_6;tarnish coat lacquered
1136769_7;lacquered polish soft 
1136769_8;brass cover metal
1136769_9;tarnish prevent metal
1136769_10;brass oxidize golden
1056416_0;who was the highest career passer rating in the nfl
1056416_1;highest phillip martin career football
1056416_2;highest phillip martin career football
1056416_3;passer nfl defense bruce america
1056416_4;rating highest quarterback leader league
1056416_5;nfl passer defense season yard
1056416_6;highest footbal national quarter touchdown
1056416_7;career highest yard shane bruce
1056416_8;passer quarterback league kane steve
1056416_9;rating play league stat america
1056416_10;nfl national giant york football
1112341_0;people people SANUK Thailand
1112341_1;thai eat rapcore lose
1112341_2;daily villages Thai seek
1112341_3;thai Values northeast hunted
1112341_4;people check comprehend official
1112341_5;thai language Yoy native
1112341_6;thai family background Tai
1112341_7;life official Day directly
1112341_8;daily Nutrition anger start
1112341_9;daily subject diet language
315637_0;how much does it cost to go to alabama university
315637_1;cost scholarship attract
315637_2;alabama southern renowned
315637_3;university admission alaska
315637_4;cost attract thousand
315637_5;alabama primary fellowship
315637_6;university cahaba birmingham
315637_7;cost top lifestyle
315637_8;alabama sport medicine
315637_9;university alaska arizona
315637_10;cost fellowship confederate
1103812_0;who formed the commonwealth of independent states
1103812_1;independent Tasmania republic states
1103812_2;independent Great status regard
1103812_3;states Soviet features allegorical
1103812_4;commonwealth independent common independent
1103812_5;independent COGs states hosted
1103812_6;independent joined sovereign independent
1103812_7;states states individually Belovezh
1103812_8;independent Queen states Malta
1103812_9;formed political states Court
1103812_10;independent versus Soviet LIST
673670_0;what is a alm
673670_1;alm loader Lifecycle alms HP
673670_2;alm externally Client management synonyms
673670_3;alm integrates monitored server install
673670_4;alm Abbreviated results Client deeds
673670_5;alm distributing Translation quality export
673670_6;alm LoadRunner Domain results activity
673670_7;alm LoadRunner product Start users
673670_8;alm defined Client machine export
673670_9;alm deployed Workaround benefaction Web
673670_10;alm rhyme antonyms AKO Central
1103153_0;who is thomas m cooley
1103153_1;thomas law
1103153_2;cooley school
1103153_3;thomas brenan
1103153_4;cooley chief
1103153_5;thomas justice
1103153_6;cooley michigan
1103153_7;thomas court
1103153_8;cooley admission
1103153_9;thomas mcintyre
1103153_10;cooley jurist
19335_0;anthropological definition of environment
19335_1;anthropological concerned field
19335_2;data range perspectives
19335_3;data perspectives accords
19335_4;anthropological field social
19335_5;data medicolegal Archaeology
19335_6;data importance application
19335_7;environment biology scientific
19335_8;data biology application
19335_9;anthropological social data
19335_10;environment cultural dimensions
1105792_0;define: geon
1105792_1;geon Jeong hypothetical Strawdog
1105792_2;geon primitive objects hypothetical
1105792_3;geon geonim confined meaning
1105792_4;geon held theorized hypothetical
1105792_5;geon simple hypothetical hwa
1105792_6;geon MeSH King Guiyeoni
1105792_7;geon Sino recognized geonim
1105792_8;geon tubing packet polyvinyl
1105792_9;geon external XBLA encyclopedias
1105792_10;geon Character entries boundary
273695_0;how long will methadone stay in your system
273695_1;long absorb distribut pivot
273695_2;methadone system process pill
273695_3;stay methdone drug absorb
273695_4;system drug body pill
273695_5;long system stay route
273695_6;methadone marijuanna urine nucynta
273695_7;stay long system hours 
273695_8;system analgesic vyvance absorb
273695_9;long pill drug accumulate
273695_10;methadone urine marijuanna drink
